path,camera,day,is_one,first_time,last_time,unique_times,hours_covered,flag
traffic/A/a2/a2_11.csv,a2,11,False,09:00:34,11:26:26,8753,2.4311,ok
traffic/A/a2/a2_11_one.csv,a2,11,True,11:26:44,12:00:31,2028,0.5631,under_1h
traffic/A/a2/a2_12.csv,a2,12,False,09:00:34,11:27:34,8821,2.45,ok
traffic/A/a2/a2_12_one.csv,a2,12,True,11:27:34,12:00:15,1962,0.5447,under_1h
traffic/A/a2/a2_13.csv,a2,13,False,08:59:53,11:27:02,8830,2.4525,ok
traffic/A/a2/a2_13_one.csv,a2,13,True,11:27:02,11:59:43,1962,0.5447,under_1h
traffic/A/a2/a2_14.csv,a2,14,False,08:59:53,11:25:28,8736,2.4264,ok
traffic/A/a2/a2_14_one.csv,a2,14,True,11:25:28,11:59:40,2053,0.57,under_1h
traffic/A/a2/a2_15.csv,a2,15,False,08:59:59,11:26:47,8809,2.4467,ok
traffic/A/a2/a2_15_one.csv,a2,15,True,11:26:47,11:59:43,1977,0.5489,under_1h
traffic/A/a2/a2_16.csv,a2,16,False,08:59:55,11:24:27,8673,2.4089,ok
traffic/A/a2/a2_16_one.csv,a2,16,True,11:24:27,11:59:25,2099,0.5828,under_1h
traffic/A/a2/a2_17.csv,a2,17,False,08:59:57,11:25:16,8720,2.4219,ok
traffic/A/a2/a2_17_one.csv,a2,17,True,11:25:16,11:59:39,2064,0.5731,under_1h
traffic/A/a2/a2_18.csv,a2,18,False,08:59:57,11:25:24,8728,2.4242,ok
traffic/A/a2/a2_18_one.csv,a2,18,True,11:25:24,11:58:18,1975,0.5483,under_1h
traffic/A/a3/a3_11.csv,a3,11,False,09:00:39,11:27:11,8793,2.4422,ok
traffic/A/a3/a3_11_one.csv,a3,11,True,11:27:11,12:00:31,2001,0.5556,under_1h
traffic/A/a3/a3_12.csv,a3,12,False,08:59:58,11:26:15,8778,2.4381,ok
traffic/A/a3/a3_12_one.csv,a3,12,True,11:26:15,11:58:03,1909,0.53,under_1h
traffic/A/a3/a3_13.csv,a3,13,False,08:59:52,11:25:33,8742,2.4281,ok
traffic/A/a3/a3_13_one.csv,a3,13,True,11:25:33,11:59:06,2014,0.5592,under_1h
traffic/A/a3/a3_14.csv,a3,14,False,08:59:58,11:25:58,8761,2.4333,ok
traffic/A/a3/a3_14_one.csv,a3,14,True,11:25:58,11:59:43,2026,0.5625,under_1h
traffic/A/a3/a3_15.csv,a3,15,False,08:59:58,11:27:07,8830,2.4525,ok
traffic/A/a3/a3_15_one.csv,a3,15,True,11:27:07,11:59:34,1948,0.5408,under_1h
traffic/A/a3/a3_16.csv,a3,16,False,08:59:57,11:23:57,8641,2.4,ok
traffic/A/a3/a3_16_one.csv,a3,16,True,11:23:57,11:58:19,2063,0.5728,under_1h
traffic/A/a3/a3_17.csv,a3,17,False,08:59:54,11:26:14,8781,2.4389,ok
traffic/A/a3/a3_17_one.csv,a3,17,True,11:26:14,11:58:56,1963,0.545,under_1h
traffic/A/a3/a3_18.csv,a3,18,False,08:59:55,11:26:04,8770,2.4358,ok
traffic/A/a3/a3_18_one.csv,a3,18,True,11:26:04,11:58:12,1929,0.5356,under_1h
traffic/J/j1/j1_11.csv,j1,11,False,08:59:57,11:27:46,8870,2.4636,ok
traffic/J/j1/j1_11_one.csv,j1,11,True,11:25:53,11:59:24,2012,0.5586,under_1h
traffic/J/j1/j1_12.csv,j1,12,False,08:59:57,11:26:24,8788,2.4408,ok
traffic/J/j1/j1_12_one.csv,j1,12,True,11:26:34,11:59:50,1997,0.5544,under_1h
traffic/J/j1/j1_13.csv,j1,13,False,08:59:53,11:27:04,8832,2.4531,ok
traffic/J/j1/j1_13_one.csv,j1,13,True,11:27:42,11:59:46,1925,0.5344,under_1h
traffic/J/j1/j1_14.csv,j1,14,False,08:59:53,11:30:37,9045,2.5122,ok
traffic/J/j1/j1_14_one.csv,j1,14,True,11:24:47,11:59:55,2109,0.5856,under_1h
traffic/J/j1/j1_15.csv,j1,15,False,08:59:57,11:26:00,8764,2.4342,ok
traffic/J/j1/j1_15_one.csv,j1,15,True,11:26:13,11:59:57,2025,0.5622,under_1h
traffic/J/j1/j1_16.csv,j1,16,False,08:59:54,11:26:37,8804,2.4453,ok
traffic/J/j1/j1_16_one.csv,j1,16,True,11:26:58,11:59:55,1978,0.5492,under_1h
traffic/J/j1/j1_17.csv,j1,17,False,08:59:56,11:26:08,8773,2.4367,ok
traffic/J/j1/j1_17_one.csv,j1,17,True,11:26:31,11:59:58,2008,0.5575,under_1h
traffic/J/j1/j1_18.csv,j1,18,False,08:59:54,11:22:33,8560,2.3775,ok
traffic/J/j1/j1_18_one.csv,j1,18,True,11:25:04,11:59:20,2057,0.5711,under_1h
traffic/J/j2/j2_11.csv,j2,11,False,08:59:54,11:24:12,8659,2.405,ok
traffic/J/j2/j2_11_one.csv,j2,11,True,11:24:12,11:59:09,2098,0.5825,under_1h
traffic/J/j2/j2_12.csv,j2,12,False,08:59:19,11:26:17,8819,2.4494,ok
traffic/J/j2/j2_12_one.csv,j2,12,True,11:26:17,11:58:51,1955,0.5428,under_1h
traffic/J/j2/j2_13.csv,j2,13,False,08:59:56,11:26:32,8797,2.4433,ok
traffic/J/j2/j2_13_one.csv,j2,13,True,11:26:32,11:59:10,1959,0.5439,under_1h
traffic/J/j2/j2_14.csv,j2,14,False,08:59:19,11:24:34,8716,2.4208,ok
traffic/J/j2/j2_14_one.csv,j2,14,True,11:24:34,11:59:02,2069,0.5744,under_1h
traffic/J/j2/j2_15.csv,j2,15,False,08:59:20,11:25:57,8798,2.4436,ok
traffic/J/j2/j2_15_one.csv,j2,15,True,11:25:57,11:59:05,1989,0.5522,under_1h
traffic/J/j2/j2_16.csv,j2,16,False,08:59:22,11:25:18,8757,2.4322,ok
traffic/J/j2/j2_16_one.csv,j2,16,True,11:25:18,11:58:37,2000,0.5553,under_1h
traffic/J/j2/j2_17.csv,j2,17,False,08:59:23,11:26:10,8808,2.4464,ok
traffic/J/j2/j2_17_one.csv,j2,17,True,11:26:10,11:58:31,1942,0.5392,under_1h
traffic/J/j2/j2_18.csv,j2,18,False,08:59:23,11:26:28,8826,2.4514,ok
traffic/J/j2/j2_18_one.csv,j2,18,True,11:26:28,11:57:50,1883,0.5228,under_1h
traffic/J/j3/j3_11.csv,j3,11,False,09:00:46,12:02:48,10923,3.0339,ok
traffic/J/j3/j3_12.csv,j3,12,False,08:59:55,12:01:57,10923,3.0339,ok
traffic/J/j3/j3_13.csv,j3,13,False,08:59:56,12:01:58,10923,3.0339,ok
traffic/J/j3/j3_14.csv,j3,14,False,08:59:57,11:25:26,8730,2.4247,ok
traffic/J/j3/j3_14_one.csv,j3,14,True,11:25:26,11:59:27,2042,0.5669,under_1h
traffic/J/j3/j3_15.csv,j3,15,False,08:59:58,11:27:38,8861,2.4611,ok
traffic/J/j3/j3_15_one.csv,j3,15,True,11:27:38,11:59:29,1912,0.5308,under_1h
traffic/J/j3/j3_16.csv,j3,16,False,08:59:59,11:28:30,8912,2.4753,ok
traffic/J/j3/j3_16_one.csv,j3,16,True,11:28:30,11:59:14,1845,0.5122,under_1h
traffic/J/j3/j3_17.csv,j3,17,False,08:59:55,12:01:57,10923,3.0339,ok
traffic/J/j3/j3_18.csv,j3,18,False,08:59:56,12:01:58,10923,3.0339,ok
traffic/R/r1/r1_11.csv,r1,11,False,09:00:06,11:24:36,8671,2.4083,ok
traffic/R/r1/r1_11_one.csv,r1,11,True,11:24:36,11:57:51,1996,0.5542,under_1h
traffic/R/r1/r1_12.csv,r1,12,False,08:59:53,11:27:06,8834,2.4536,ok
traffic/R/r1/r1_12_one.csv,r1,12,True,11:27:06,11:59:02,1917,0.5322,under_1h
traffic/R/r1/r1_13.csv,r1,13,False,08:59:57,11:23:59,8643,2.4006,ok
traffic/R/r1/r1_13_one.csv,r1,13,True,11:23:59,11:58:24,2066,0.5736,under_1h
traffic/R/r1/r1_14.csv,r1,14,False,08:59:56,11:23:43,8628,2.3964,ok
traffic/R/r1/r1_14_one.csv,r1,14,True,11:23:43,11:58:24,2082,0.5781,under_1h
traffic/R/r1/r1_15.csv,r1,15,False,08:59:57,11:23:54,8638,2.3992,ok
traffic/R/r1/r1_15_one.csv,r1,15,True,11:23:54,11:58:31,2078,0.5769,under_1h
traffic/R/r1/r1_16.csv,r1,16,False,08:59:53,11:24:41,8689,2.4133,ok
traffic/R/r1/r1_16_one.csv,r1,16,True,11:24:41,11:59:09,2069,0.5744,under_1h
traffic/R/r1/r1_17.csv,r1,17,False,08:59:57,11:28:49,8933,2.4811,ok
traffic/R/r1/r1_17_one.csv,r1,17,True,11:28:49,12:01:41,1973,0.5478,under_1h
traffic/R/r1/r1_18.csv,r1,18,False,08:59:53,11:28:34,8922,2.4781,ok
traffic/R/r1/r1_18_one.csv,r1,18,True,11:28:34,12:00:43,1930,0.5358,under_1h
traffic/R/r2/r2_11.csv,r2,11,False,08:59:54,11:25:40,8747,2.4294,ok
traffic/R/r2/r2_11_one.csv,r2,11,True,11:25:40,12:00:34,2095,0.5817,under_1h
traffic/R/r2/r2_12.csv,r2,12,False,08:59:55,11:26:10,8776,2.4375,ok
traffic/R/r2/r2_12_one.csv,r2,12,True,11:26:10,11:59:31,2002,0.5558,under_1h
traffic/R/r2/r2_13.csv,r2,13,False,08:59:56,11:24:56,8701,2.4167,ok
traffic/R/r2/r2_13_one.csv,r2,13,True,11:24:56,11:58:17,2002,0.5558,under_1h
traffic/R/r2/r2_14.csv,r2,14,False,08:59:57,11:26:05,8769,2.4356,ok
traffic/R/r2/r2_14_one.csv,r2,14,True,11:26:05,11:59:10,1986,0.5514,under_1h
traffic/R/r2/r2_15.csv,r2,15,False,08:59:57,11:25:10,8714,2.4203,ok
traffic/R/r2/r2_15_one.csv,r2,15,True,11:25:10,11:59:38,2069,0.5744,under_1h
traffic/R/r2/r2_16.csv,r2,16,False,08:59:53,11:27:27,8855,2.4594,ok
traffic/R/r2/r2_16_one.csv,r2,16,True,11:27:27,11:59:12,1906,0.5292,under_1h
traffic/R/r2/r2_17.csv,r2,17,False,08:59:54,11:26:30,8797,2.4433,ok
traffic/R/r2/r2_17_one.csv,r2,17,True,11:26:30,11:58:38,1929,0.5356,under_1h
traffic/R/r2/r2_18.csv,r2,18,False,08:59:55,11:28:56,8942,2.4836,ok
traffic/R/r2/r2_18_one.csv,r2,18,True,11:28:56,12:01:27,1952,0.5419,under_1h
traffic/R/r3/r3_11.csv,r3,11,False,08:59:26,12:02:12,10967,3.0461,ok
traffic/R/r3/r3_12.csv,r3,12,False,08:59:20,12:01:22,10923,3.0339,ok
traffic/R/r3/r3_13.csv,r3,13,False,08:59:23,12:01:25,10923,3.0339,ok
traffic/R/r3/r3_14.csv,r3,14,False,08:59:32,12:01:34,10923,3.0339,ok
traffic/R/r3/r3_15.csv,r3,15,False,08:59:22,12:01:24,10923,3.0339,ok
traffic/R/r3/r3_16.csv,r3,16,False,08:59:42,11:56:59,10638,2.9547,ok
traffic/R/r3/r3_17.csv,r3,17,False,08:59:20,12:01:22,10923,3.0339,ok
traffic/R/r3/r3_18.csv,r3,18,False,08:59:29,12:01:33,10925,3.0344,ok
